{
  "product": {
    "precision": 0.42857142857142855,
    "recall": 0.9230769230769231,
    "f1-score": 0.5853658536585366,
    "support": 13,
    "confused_with": {}
  },
  "district": {
    "precision": 1.0,
    "recall": 1.0,
    "f1-score": 1.0,
    "support": 22,
    "confused_with": {}
  },
  "micro avg": {
    "precision": 0.68,
    "recall": 0.9714285714285714,
    "f1-score": 0.8,
    "support": 35
  },
  "macro avg": {
    "precision": 0.7142857142857143,
    "recall": 0.9615384615384616,
    "f1-score": 0.7926829268292683,
    "support": 35
  },
  "weighted avg": {
    "precision": 0.7877551020408162,
    "recall": 0.9714285714285714,
    "f1-score": 0.845993031358885,
    "support": 35
  },
  "accuracy": 0.985962014863749
}